URL,Label
https://www.google.com,0
https://www.amazon.com,0
https://www.facebook.com,0
https://www.twitter.com,0
https://www.linkedin.com,0
https://github.com,0
https://www.stackoverflow.com,0
https://docs.python.org,0
https://www.apple.com,0
https://www.microsoft.com,0
https://www.netflix.com,0
https://www.reddit.com,0
https://www.nytimes.com,0
https://www.wikipedia.org,0
https://www.instagram.com,0
https://www.google.com,0
https://www.amazon.com,0
https://www.facebook.com,0
https://www.twitter.com,0
https://www.linkedin.com,0
https://github.com,0
https://www.stackoverflow.com,0
https://docs.python.org,0
https://www.apple.com,0
https://www.microsoft.com,0
https://www.netflix.com,0
https://www.reddit.com,0
https://www.nytimes.com,0
https://www.wikipedia.org,0
https://www.instagram.com,0
https://www.google.com,0
https://www.amazon.com,0
https://www.facebook.com,0
https://www.twitter.com,0
https://www.linkedin.com,0
https://github.com,0
https://www.stackoverflow.com,0
https://docs.python.org,0
https://www.apple.com,0
https://www.microsoft.com,0
https://www.netflix.com,0
https://www.reddit.com,0
https://www.nytimes.com,0
https://www.wikipedia.org,0
https://www.instagram.com,0
https://www.google.com,0
https://www.amazon.com,0
https://www.facebook.com,0
https://www.twitter.com,0
https://www.linkedin.com,0
https://github.com,0
https://www.stackoverflow.com,0
https://docs.python.org,0
https://www.apple.com,0
https://www.microsoft.com,0
https://www.netflix.com,0
https://www.reddit.com,0
https://www.nytimes.com,0
https://www.wikipedia.org,0
https://www.instagram.com,0
https://www.google.com,0
https://www.amazon.com,0
https://www.facebook.com,0
https://www.twitter.com,0
https://www.linkedin.com,0
https://github.com,0
https://www.stackoverflow.com,0
https://docs.python.org,0
https://www.apple.com,0
https://www.microsoft.com,0
https://www.netflix.com,0
https://www.reddit.com,0
https://www.nytimes.com,0
https://www.wikipedia.org,0
https://www.instagram.com,0
http://192.168.0.1/login,1
http://verify-paypal-login.com,1
http://secure-facebook-check.com,1
http://apple-login-verification.com,1
http://microsoft-security-update.info,1
http://free-netflix-promo.com,1
http://bankofamerica.verify-login.net,1
http://secure-login-appleid.com,1
http://paypal-security-alert.com,1
http://dropbox-login-update.net,1
http://login-recover-facebook.com,1
http://mail-verification-google.com,1
http://amazon-secure-login.com,1
http://twitter-login-reset.net,1
http://instagram-follow-checker.com,1
http://192.168.0.1/login,1
http://verify-paypal-login.com,1
http://secure-facebook-check.com,1
http://apple-login-verification.com,1
http://microsoft-security-update.info,1
http://free-netflix-promo.com,1
http://bankofamerica.verify-login.net,1
http://secure-login-appleid.com,1
http://paypal-security-alert.com,1
http://dropbox-login-update.net,1
http://login-recover-facebook.com,1
http://mail-verification-google.com,1
http://amazon-secure-login.com,1
http://twitter-login-reset.net,1
http://instagram-follow-checker.com,1
http://192.168.0.1/login,1
http://verify-paypal-login.com,1
http://secure-facebook-check.com,1
http://apple-login-verification.com,1
http://microsoft-security-update.info,1
http://free-netflix-promo.com,1
http://bankofamerica.verify-login.net,1
http://secure-login-appleid.com,1
http://paypal-security-alert.com,1
http://dropbox-login-update.net,1
http://login-recover-facebook.com,1
http://mail-verification-google.com,1
http://amazon-secure-login.com,1
http://twitter-login-reset.net,1
http://instagram-follow-checker.com,1
http://192.168.0.1/login,1
http://verify-paypal-login.com,1
http://secure-facebook-check.com,1
http://apple-login-verification.com,1
http://microsoft-security-update.info,1
http://free-netflix-promo.com,1
http://bankofamerica.verify-login.net,1
http://secure-login-appleid.com,1
http://paypal-security-alert.com,1
http://dropbox-login-update.net,1
http://login-recover-facebook.com,1
http://mail-verification-google.com,1
http://amazon-secure-login.com,1
http://twitter-login-reset.net,1
http://instagram-follow-checker.com,1
http://192.168.0.1/login,1
http://verify-paypal-login.com,1
http://secure-facebook-check.com,1
http://apple-login-verification.com,1
http://microsoft-security-update.info,1
http://free-netflix-promo.com,1
http://bankofamerica.verify-login.net,1
http://secure-login-appleid.com,1
http://paypal-security-alert.com,1
http://dropbox-login-update.net,1
http://login-recover-facebook.com,1
http://mail-verification-google.com,1
http://amazon-secure-login.com,1
http://twitter-login-reset.net,1
http://instagram-follow-checker.com,1
...
